<?xml version="1.0" encoding="UTF-8"?>
<cocktails xmlns:xsi="http://www.w3.org/2001/XMLSchema-instance" xsi:noNamespaceSchemaLocation="Exemple_CSS_interne_cocktails.xsd">
	<cocktail nom="Mojito">
		<ingredients>
			<ingredient>
				<libelle>rhum cubain</libelle>
				<quantite>6</quantite>
				<unite>cl</unite>
			</ingredient>
			<ingredient>
				<libelle>jus de citron vert</libelle>
				<quantite>3</quantite>
				<unite>cl</unite>
			</ingredient>
			<ingredient>
				<libelle>menthe</libelle>
				<quantite>7</quantite>
				<unite>feuille</unite>
			</ingredient>
			<ingredient>
				<libelle>sirop de sucre de canne</libelle>
				<quantite>2</quantite>
				<unite>cl</unite>
			</ingredient>
			<ingredient>
				<libelle>eau gazeuse</libelle>
				<quantite>2</quantite>
				<unite>dl</unite>
			</ingredient>
		</ingredients>
		<typeCocktail>
			<alcoolise pourcentage="5">true</alcoolise>
		</typeCocktail>
		<methode>Mélanger tous les ingredients ensemble</methode>
		<service>
			<typeVerre>grand verre a main</typeVerre>
			<decoration>
				<sucreBuvant>false</sucreBuvant>
				<couleurOmbrelle>jaune</couleurOmbrelle>
			</decoration>
		</service>
		<inventeur>
			<personne>
				<nom>Drake</nom>
				<prenom>Francis</prenom>
				<sexe>homme</sexe>
			</personne>
			<annee>1586</annee>
		</inventeur>
	</cocktail>
	
	<cocktail nom="Pina Colada">
		<ingredients>
			<ingredient>
				<libelle>rhum blanc</libelle>
				<quantite>4</quantite>
				<unite>cl</unite>
			</ingredient>
			<ingredient>
				<libelle>rhum ambre</libelle>
				<quantite>2</quantite>
				<unite>cl</unite>
			</ingredient>
			<ingredient>
				<libelle>jus ananas</libelle>
				<quantite>12</quantite>
				<unite>cl</unite>
			</ingredient>
			<ingredient>
				<libelle>lait de coco</libelle>
				<quantite>4</quantite>
				<unite>cl</unite>
			</ingredient>
		</ingredients>
		<typeCocktail>
			<alcoolise pourcentage="4">true</alcoolise>
		</typeCocktail>
		<methode>Mixer tous les ingredients</methode>
		<service>
			<typeVerre>grand verre a vin</typeVerre>
			<decoration>
				<sucreBuvant>true</sucreBuvant>
				<couleurOmbrelle>rouge</couleurOmbrelle>
			</decoration>
		</service>
		<inventeur>
			<personne>
				<nom>Marrero</nom>
				<prenom>Ramon</prenom>
				<sexe>homme</sexe>
			</personne>
			<annee>1954</annee>
		</inventeur>
	</cocktail>
	
	<cocktail nom="Caipirinha">
		<ingredients>
			<ingredient>
				<libelle>cachaca</libelle>
				<quantite>6</quantite>
				<unite>cl</unite>
			</ingredient>
			<ingredient>
				<libelle>jus de citron vert</libelle>
				<quantite>1</quantite>
				<unite>dl</unite>
			</ingredient>
			<ingredient>
				<libelle>sucre</libelle>
				<quantite>1</quantite>
				<unite>cuillere a soupe</unite>
			</ingredient>
		</ingredients>
		<typeCocktail>
			<alcoolise pourcentage="6">true</alcoolise>
		</typeCocktail>
		<methode>Sortir le jus du citron, mettre dans le verre avec le sucre et l'alcool sans mixer. Remplir de glace pilee</methode>
		<service>
			<typeVerre>verre old fashioned</typeVerre>
			<decoration>
				<sucreBuvant>false</sucreBuvant>
				<couleurOmbrelle>doree</couleurOmbrelle>
			</decoration>
		</service>
		<inventeur>
			<personne>
				<nom>Amaral</nom>
				<prenom>Tarsila</prenom>
				<sexe>femme</sexe>
			</personne>
			<annee>1900</annee>
		</inventeur>
	</cocktail>
</cocktails>
