<?xml version="1.0" encoding="ISO-8859-1"?>
<!DOCTYPE TabGemeinden SYSTEM "gen.dtd">
<!-- Ce fichier contient toutes les communes de Suisse et les lieux-->
<TabGemeinden>
<Gemeinden><nr>   0</nr><nri>M</nri><plz>   0</plz><plzi>Z</plzi><bez>  0</bez><text></text></Gemeinden> 
<Gemeinden><nr>4551</nr><nri>M</nri><plz>8355</plz><plzi>M</plzi><bez>455</bez><text><![CDATA[Aadorf]]></text></Gemeinden>
<Gemeinden><nr>4001</nr><nri>M</nri><plz>5000</plz><plzi>M</plzi><bez>400</bez><text><![CDATA[Aarau]]></text></Gemeinden>
<Gemeinden><nr>4001</nr><nri>Z</nri><plz>5001</plz><plzi>O</plzi><bez>400</bez><text><![CDATA[Aarau 1]]></text><bem><![CDATA[F�cher]]></bem></Gemeinden>
<Gemeinden><nr>4001</nr><nri>Z</nri><plz>5000</plz><plzi>O</plzi><bez>400</bez><text><![CDATA[Aarau 3]]></text><bem><![CDATA[Kaufhaus]]></bem></Gemeinden>
<Gemeinden><nr>4001</nr><nri>Z</nri><plz>5004</plz><plzi>M</plzi><bez>400</bez><text><![CDATA[Aarau 4]]></text><bem><![CDATA[Telli]]></bem></Gemeinden>
</TabGemeinden>
