<?xml version="1.0" encoding="UTF-8"?>
<!-- Exemple complémentaire pour le cours XML-04-01 et 02 (XML-04-01_02_XSLT_Exemple_Donnees.xml)-->
<sport xmlns:xsi="http://www.w3.org/2001/XMLSchema-instance" xsi:noNamespaceSchemaLocation="XML-04-01_02_XSLT_Exemple_Schema.xsd">
	<team>
		<player>
			<name>Floriane Sapin</name>
			<NLicence>345-098</NLicence>
			<langue>fr-FR</langue>
		</player>
		<player>
			<name>Boris Klett</name>
			<NLicence>385-234</NLicence>
			<langue>fr-FR</langue>
		</player>
		<player>
			<name>Arnaud Lacoste</name>
			<NLicence>098-925</NLicence>
			<langue>fr-FR</langue>
		</player>
		<player>
			<name>Diane Castella</name>
			<NLicence>345-777</NLicence>
			<langue>fr-FR</langue>
		</player>
		<player>
			<name>Dany Boon</name>
			<NLicence>567-489</NLicence>
			<langue>fr-FR</langue>
		</player>
		<player>
			<name>Yann Johnson</name>
			<NLicence>238-881</NLicence>
			<langue>fr-FR</langue>
		</player>
		<player>
			<name>David Tsonga</name>
			<NLicence>391-098</NLicence>
			<langue>fr-FR</langue>
		</player>
		<coach>
			<name>John Smith</name>
			<NLicence>876-090</NLicence>
			<langue>fr-FR</langue>
		</coach>
	</team>
	<competition>
		<tournoi date="2014-03-19">
			<match>
				<horaire>19:30:00+01:00</horaire>
				<equipeDomicile>team1</equipeDomicile>
				<equipeInviter>team2</equipeInviter>
				<resultat>2-3</resultat>
				<duree>PT2H10M10S</duree>
				<finish>true</finish>
			</match>
			<match>
				<horaire>15:00:00+01:00</horaire>
				<equipeDomicile>team3</equipeDomicile>
				<equipeInviter>team4</equipeInviter>
				<resultat>0-2</resultat>
				<duree>PT1H30M30S</duree>
				<finish>false</finish>
			</match>
		</tournoi>
	</competition>
</sport>