<?xml version="1.0" encoding="UTF-8"?>
<!-- Exemple de document xml pour l'exercice XML-04-E05 (Menu restaurant) -->
<Restaurant xmlns:xsi="http://www.w3.org/2001/XMLSchema-instance" xsi:noNamespaceSchemaLocation="XML-04-E05_XSD.xsd">
	<Carte ID="ID1">
		<Titre>Les menus du jour</Titre>
		<SousTitre>Du lundi au vendredi à midi (Fr. 15.-)</SousTitre>
			<Plat>
				<Nom>Lundi 27 mai 2019</Nom>
				<Details>Salade verte, rôti de porc au romarin, purée de pommes de terre, légumes, dessert du jour</Details>
			</Plat>
			<Plat>
				<Nom>Mardi 28 mai 2019</Nom>
				<Details>Salade mêlée, piccata milanese, spaghetti, dessert du jour</Details>
			</Plat>
			<Plat>
				<Nom>Mercredi 29 mai 2019</Nom>
				<Details>Buffet d'entrées, buffet chaud et buffet de desserts</Details>
			</Plat>
			<Plat>
				<Nom>Jeudi 30 mai 2019</Nom>
				<Details>Salade mêlée, brochette mixte, pommes frites, légumes, dessert du jour</Details>
			</Plat>
			<Plat>
				<Nom>Vendredi 31 mai 2019</Nom>
				<Details>Salade verte, steak de boeuf, pommes frites, légumes, dessert du jour</Details>
			</Plat>
	</Carte>
	<Carte ID="ID2">
		<Titre>Carte de saison</Titre>
		<SousTitre>Les asperges sont de retour</SousTitre>
			<Plat>
				<Nom>Duo d'asperges et jambon cru</Nom>
				<Details>Agrémenté d'une sauce hollandaise ou mayonnaise à choix</Details>
			</Plat>
			<Plat>
				<Nom>Salade d'asperges et saumon fumé</Nom>
				<Details>Sauce italienne ou française à choix</Details>
			</Plat>
			<Plat>
				<Nom>Penne aux asperges vertes et crevettes géantes</Nom>
				<Details>Accompagné d'une petite salade verte</Details>
			</Plat>
	</Carte>
	<Carte ID="ID3">
		<Titre>À la carte</Titre>
		<SousTitre>Le soir (à midi seulement sur réservation)</SousTitre>
			<Plat>
				<Nom>Steak tartare coupé au couteau</Nom>
				<Details>Servi avec toasts, pommes frites et salade verte</Details>
			</Plat>
			<Plat>
				<Nom>Filet de boeuf</Nom>
				<Details>Servi avec pommes frites, nouilles ou riz, sauce aux morilles, au poivre vert ou café de Paris et salade verte</Details>
			</Plat>
			<Plat>
				<Nom>Tagliatelle du Valet de Coeur</Nom>
				<Details>Tomates, olives noires, anchois, câpres, ail</Details>
			</Plat>
			<Plat>
				<Nom>Spaghetti bolognese</Nom>
				<Details>Servi avec une petite salade verte</Details>
			</Plat>
	</Carte>
	<Carte ID="ID4">
		<Titre>Les vins</Titre>
		<SousTitre>...de nos producteurs régionaux	</SousTitre>
			<Plat>
				<Nom>Ravel Blanc</Nom>
				<Details>Domaine Blattner, Soyhières</Details>
			</Plat>
			<Plat>
				<Nom>Sauvignac</Nom>
				<Details>Domaine Blattner, Soyhières</Details>
			</Plat>
			<Plat>
				<Nom>Rosaline (2018)</Nom>
				<Details>Domaine Blattner, Soyhières</Details>
			</Plat>
			<Plat>
				<Nom>Cabernet Jura (2017)</Nom>
				<Details>Domaine Blattner, Soyhières</Details>
			</Plat>
			<Plat>
				<Nom>Cabernet Jura (2018)</Nom>
				<Details>Domaine Blattner, Soyhières</Details>
			</Plat>
			<Plat>
				<Nom>Cabernet Jura barrique (2015)</Nom>
				<Details>Domaine Blattner, Soyhières</Details>
			</Plat>
			<Plat>
				<Nom>Les Mergats (2013)</Nom>
				<Details>Domaine Blattner, Soyhières</Details>
			</Plat>
			<Plat>
				<Nom>Muscat de la Birse (2004)</Nom>
				<Details>Domaine Blattner, Soyhières</Details>
			</Plat>
	</Carte>
</Restaurant>