<?xml version="1.0" encoding="UTF-8"?>
<BarACocktail xmlns:xsi="http://www.w3.org/2001/XMLSchema-instance" xsi:noNamespaceSchemaLocation="XML-04-E03_Bart_Stephane.xsd">
	<Cocktail ID="ID1" Difficulte="Facile">
		<Nom>Mojito</Nom>
		<Ingredient>
			<Nom>Rhum cubain (Havana Club, Bacardi, etc.)</Nom>
			<Quantite Unite="cl">6</Quantite>
		</Ingredient>
		<Ingredient>
			<Nom>Jus de citron vert</Nom>
			<Quantite Unite="cl">3</Quantite>
		</Ingredient>
		<Ingredient>
			<Nom>Menthe</Nom>
			<Quantite Unite=" feuilles">7</Quantite>
		</Ingredient>
		<Ingredient>
			<Nom>Eau gazeuse</Nom>
			<Quantite Unite="cl">6</Quantite>
		</Ingredient>
		<Ingredient>
			<Nom>Glaçons</Nom>
			<Quantite Unite="x">6</Quantite>
		</Ingredient>
		<Ingredient Optionnel="true">
			<Nom>Citron</Nom>
			<Quantite Unite=" tranches">1</Quantite>
		</Ingredient>
		<Etape>
			<Numero>1</Numero>
			<Nom>Réalisez la recette "Mojito" directement dans le verre.</Nom>
		</Etape>
		<Etape>
			<Numero>2</Numero>
			<Nom>Placer les feuilles de menthe dans le verre, ajoutez le sucre et le jus de citrons. Piler consciencieusement afin d'exprimer l'essence de la menthe mais sans la broyer. Ajouter le rhum, remplir le verre à moitié de glaçons et compléter avec de l'eau gazeuse. Mélanger doucement et servir avec une paille.</Nom>
		</Etape>
		<Etape>
			<Numero>3</Numero>
			<Nom>Servir dans un verre de type "tumbler".</Nom>
		</Etape>
		<Etape>
			<Numero>4</Numero>
			<Nom>Décorer de feuilles de menthe fraîches et d'une tranche de citron.</Nom>
		</Etape>
		<Ustensile>
			<Nom>Tumbler</Nom>
		</Ustensile>
		<Ustensile>
			<Nom>Paille</Nom>
		</Ustensile>
		<Remarque>Utiliser de préférence du jus de citron vert frais (pressé). Bien que la recette originale ne contienne pas d'angostura, vous pouvez y ajouter quelques gouttes afin de le rendre un peu plus sec.</Remarque>
	</Cocktail>
	<Cocktail ID="ID2" Difficulte="Facile">
		<Nom>Piña Colada</Nom>
		<Ingredient>
			<Nom>Rhum blanc</Nom>
			<Quantite Unite="cl">4</Quantite>
		</Ingredient>
		<Ingredient>
			<Nom>Rhum ambré</Nom>
			<Quantite Unite="cl">2</Quantite>
		</Ingredient>
		<Ingredient>
			<Nom>Jus d'ananas</Nom>
			<Quantite Unite="cl">12</Quantite>
		</Ingredient>
		<Ingredient>
			<Nom>Lait de coco</Nom>
			<Quantite Unite="cl">4</Quantite>
		</Ingredient>
		<Ingredient>
			<Nom>Glaçons</Nom>
			<Quantite Unite="x">6</Quantite>
		</Ingredient>
		<Ingredient Optionnel="true">
			<Nom>Ananas</Nom>
			<Quantite Unite=" morceau">1</Quantite>
		</Ingredient>
		<Ingredient Optionnel="true">
			<Nom>Cerise confite</Nom>
			<Quantite Unite="x">1</Quantite>
		</Ingredient>
		<Ingredient Optionnel="true">
			<Nom>Crème fraîche</Nom>
			<Quantite Unite=" cuillère à soupe">1</Quantite>
		</Ingredient>
		<Etape>
			<Numero>1</Numero>
			<Nom>Réalisez la recette "Piña Colada" au mixer.</Nom>
		</Etape>
		<Etape>
			<Numero>2</Numero>
			<Nom>Dans un blender (mixer), versez les ingrédients avec 5 ou 6 glaçons et mixez le tout. C'est prêt ! Versez dans le verre et dégustez. Peut aussi se réaliser au shaker si c'est juste pour une personne.</Nom>
		</Etape>
		<Etape>
			<Numero>3</Numero>
			<Nom>Servir dans un verre de type "verre à vin".</Nom>
		</Etape>
		<Etape>
			<Numero>4</Numero>
			<Nom>Décorer avec un morceau d'ananas et une cerise confite.</Nom>
		</Etape>
		<Ustensile>
			<Nom>Verre à vin</Nom>
		</Ustensile>
		<Ustensile>
			<Nom>Mixer</Nom>
		</Ustensile>
		<Remarque>Vous pouvez ajouter une touche d'onctuosité en ajoutant une cuillère à soupe de crème fraîche dans le mixer.</Remarque>
	</Cocktail>
	<Cocktail ID="ID3" Difficulte="Facile">
		<Nom>Margarita</Nom>
		<Ingredient>
			<Nom>Tequila</Nom>
			<Quantite Unite="cl">5</Quantite>
		</Ingredient>
		<Ingredient>
			<Nom>Triple sec (Cointreau, Grand Marnier, etc.)</Nom>
			<Quantite Unite="cl">3</Quantite>
		</Ingredient>
		<Ingredient>
			<Nom>Jus de citron vert</Nom>
			<Quantite Unite="cl">2</Quantite>
		</Ingredient>
		<Ingredient Optionnel="true">
			<Nom>Citron</Nom>
			<Quantite Unite=" tranches">1</Quantite>
		</Ingredient>
		<Ingredient>
			<Nom>Sel fin</Nom>
			<Quantite Unite=" cuillère à soupe">1</Quantite>
		</Ingredient>
		<Etape>
			<Numero>1</Numero>
			<Nom>Réalisez la recette "Margarita" au shaker.</Nom>
		</Etape>
		<Etape>
			<Numero>2</Numero>
			<Nom>Frapper les ingrédients au shaker avec des glaçons puis verser dans le verre givré au citron et au sel fin... Pour givrer facilement le verre, passer le citron sur le bord du verre et tremper les bords dans le sel.</Nom>
		</Etape>
		<Etape>
			<Numero>3</Numero>
			<Nom>Servir dans un verre de type "verre à margarita".</Nom>
		</Etape>
		<Etape>
			<Numero>4</Numero>
			<Nom>Décorer d'une tranche de citron vert...</Nom>
		</Etape>
		<Ustensile>
			<Nom>Shaker</Nom>
		</Ustensile>
		<Ustensile>
			<Nom>Verre à Margarita</Nom>
		</Ustensile>
		<Remarque></Remarque>
	</Cocktail>
	<Cocktail ID="ID4" Difficulte="Moyenne">
		<Nom>Sex on the Beach</Nom>
		<Ingredient>
			<Nom>Vodka</Nom>
			<Quantite Unite="cl">3</Quantite>
		</Ingredient>
		<Ingredient>
			<Nom>Sirop de melon</Nom>
			<Quantite Unite="cl">2</Quantite>
		</Ingredient>
		<Ingredient>
			<Nom>Mûroise ou Chambord</Nom>
			<Quantite Unite="cl">2</Quantite>
		</Ingredient>
		<Ingredient>
			<Nom>Jus d'ananas</Nom>
			<Quantite Unite="cl">5</Quantite>
		</Ingredient>
		<Ingredient>
			<Nom>Jus de cranberry (canneberge)</Nom>
			<Quantite Unite="cl">6</Quantite>
		</Ingredient>
		<Ingredient Optionnel="true">
			<Nom>Ananas</Nom>
			<Quantite Unite=" morceau">1</Quantite>
		</Ingredient>
		<Ingredient Optionnel="true">
			<Nom>Cerise confite</Nom>
			<Quantite Unite="x">1</Quantite>
		</Ingredient>
		<Etape >
			<Numero>1</Numero>
			<Nom>Réalisez la recette "Sex on the beach" dans un verre à mélange.</Nom>
		</Etape>
		<Etape>
			<Numero>2</Numero>
			<Nom>Verser les alcools sur des glaçons, mélanger et compléter avec les jus de fruits</Nom>
		</Etape>
		<Etape>
			<Numero>3</Numero>
			<Nom>Servir dans un verre de type "verre tulipe".</Nom>
		</Etape>
		<Etape>
			<Numero>4</Numero>
			<Nom>Décorer avec un morceau d'ananas et une cerise confite.</Nom>
		</Etape>
		<Ustensile>
			<Nom>Verre tulipe</Nom>
		</Ustensile>
		<Ustensile>
			<Nom>Verre à mélange</Nom>
		</Ustensile>
		<Remarque>Le cocktail souvent imité, jamais égalé. La mûroise peut aisément être remplacée par du Chambord</Remarque>
	</Cocktail>
	<Cocktail ID="ID5" Difficulte="Très facile">
		<Nom>Blue Lagoon</Nom>
		<Ingredient>
			<Nom>Vodka</Nom>
			<Quantite Unite="cl">4</Quantite>
		</Ingredient>
		<Ingredient>
			<Nom>Curaçao blue</Nom>
			<Quantite Unite="cl">3</Quantite>
		</Ingredient>
		<Ingredient>
			<Nom>Jus de citron</Nom>
			<Quantite Unite="cl">2</Quantite>
		</Ingredient>
		<Ingredient Optionnel="true">
			<Nom>Glace pilée</Nom>
			<Quantite Unite=" verre">1</Quantite>
		</Ingredient>
		<Ingredient Optionnel="true">
			<Nom>Long zeste de citron vert</Nom>
			<Quantite Unite="x">1</Quantite>
		</Ingredient>
		<Etape>
			<Numero>1</Numero>
			<Nom>Réalisez la recette "Blue Lagoon" au shaker.</Nom>
		</Etape>
		<Etape>
			<Numero>2</Numero>
			<Nom>Pressez le jus d'un demi-citron, ajoutez dans le shaker avec les autres ingrédients et des glaçons. Frappez puis versez dans le verre en filtrant. Afin qu'il soit plus frais et léger, remplissez auparavant le verre de glace pilée.</Nom>
		</Etape>
		<Etape>
			<Numero>3</Numero>
			<Nom>Servir dans un verre de type "verre à martini".</Nom>
		</Etape>
		<Etape>
			<Numero>4</Numero>
			<Nom>Un long zeste de citron vert.</Nom>
		</Etape>
		<Ustensile>
			<Nom>Shaker</Nom>
		</Ustensile>
		<Ustensile>
			<Nom>Verre à Martini</Nom>
		</Ustensile>
		<Remarque></Remarque>
	</Cocktail>
	<Cocktail ID="ID6" Difficulte="Facile">
		<Nom>Caipirinha</Nom>
		<Ingredient>
			<Nom>Cachaça</Nom>
			<Quantite Unite="cl">6</Quantite>
		</Ingredient>
		<Ingredient>
			<Nom>Citron vert</Nom>
			<Quantite Unite="x">1</Quantite>
		</Ingredient>
		<Ingredient>
			<Nom>Sucre</Nom>
			<Quantite Unite=" cuillère à soupe">1</Quantite>
		</Ingredient>
		<Ingredient>
			<Nom>Glace pilée</Nom>
			<Quantite Unite=" couche">1</Quantite>
		</Ingredient>
		<Etape>
			<Numero>1</Numero>
			<Nom>Réalisez la recette "Caipirinha" directement dans le verre.</Nom>
		</Etape>
		<Etape>
			<Numero>2</Numero>
			<Nom>Lavez le citron vert et coupez les deux extrémités. Coupez le citron en 8 ou 9 morceaux et retirez la partie blanche centrale responsable de l'amertume. Placez les morceaux dans le verre et versez une bonne cuillère à soupe de sucre. Pilez fermement le tout dans le verre avec le sucre en poudre jusqu'à l'extraction la plus complète possible du jus. Recouvrir le mélange citron-sucre d'une bonne couche de glace pilée, concassée ou de glaçons simples (ras bord), puis faire le niveau à la cachaça jusqu'à un doigt du bord. Ne pas rajouter de sucre après l'adjonction de la glace (le nouveau sucre ne se dissout plus). Mélanger legèrement avec un mélangeur et servir avec une ou deux petites pailles (au cas où l'une soit bouchée par la glace ou la pulpe du citron).</Nom>
		</Etape>
		<Etape>
			<Numero>3</Numero>
			<Nom>Servir dans un verre de type "old fashioned".</Nom>
		</Etape>
		<Ustensile>
			<Nom>Verre old fashioned</Nom>
		</Ustensile>
		<Ustensile>
			<Nom>Mélangeur</Nom>
		</Ustensile>
		<Ustensile>
			<Nom>2 petites pailles</Nom>
		</Ustensile>
		<Remarque></Remarque>
	</Cocktail>
	<Cocktail ID="ID7" Difficulte="Très facile">
		<Nom>Tequila Sunrise</Nom>
		<Ingredient>
			<Nom>Tequila</Nom>
			<Quantite Unite="cl">6</Quantite>
		</Ingredient>
		<Ingredient>
			<Nom>Jus d'orange</Nom>
			<Quantite Unite="cl">12</Quantite>
		</Ingredient>
		<Ingredient>
			<Nom>Sirop de grenadine</Nom>
			<Quantite Unite="cl">2</Quantite>
		</Ingredient>
		<Ingredient Optionnel="true">
			<Nom>Orange</Nom>
			<Quantite Unite=" rondelle">1</Quantite>
		</Ingredient>
		<Etape>
			<Numero>1</Numero>
			<Nom>Réalisez la recette "Tequila Sunrise" directement dans le verre.</Nom>
		</Etape>
		<Etape>
			<Numero>2</Numero>
			<Nom>Verser la tequila sur des glaçons dans le verre. Compléter avec le jus d'orange et remuer. Versez doucement le sirop de grenadine dans le verre pour que celui-ci tombe au fond. Donnez alors un petit coup de cuillère pour affiner le dégradé si nécessaire.</Nom>
		</Etape>
		<Etape>
			<Numero>3</Numero>
			<Nom>Servir dans un verre de type "tumbler".</Nom>
		</Etape>
		<Etape>
			<Numero>4</Numero>
			<Nom>Décorer avec une rondelle d'orange.</Nom>
		</Etape>
		<Ustensile>
			<Nom>Tumbler</Nom>
		</Ustensile>
		<Remarque></Remarque>
	</Cocktail>
	<Cocktail ID="ID8" Difficulte="Difficile">
		<Nom>Studio 54</Nom>
		<Ingredient>
			<Nom>Gin</Nom>
			<Quantite Unite="cl">3</Quantite>
		</Ingredient>
		<Ingredient>
			<Nom>Midori</Nom>
			<Quantite Unite="cl">3</Quantite>
		</Ingredient>
		<Ingredient>
			<Nom>Schweppes Tonic</Nom>
			<Quantite Unite="cl">10</Quantite>
		</Ingredient>
		<Ingredient>
			<Nom>Glaçons</Nom>
			<Quantite Unite="x">6</Quantite>
		</Ingredient>
		<Ingredient Optionnel="true">
			<Nom>Cerise confite</Nom>
			<Quantite Unite="x">1</Quantite>
		</Ingredient>
		<Etape>
			<Numero>1</Numero>
			<Nom>Réalisez la recette "Studio 54" directement dans le verre.</Nom>
		</Etape>
		<Etape>
			<Numero>2</Numero>
			<Nom>Versez la liqueur dans le verre à demi rempli de glaçons, puis le gin et complétez avec le tonic.</Nom>
		</Etape>
		<Etape>
			<Numero>3</Numero>
			<Nom>Servir dans un verre de type "tumbler".</Nom>
		</Etape>
		<Etape>
			<Numero>4</Numero>
			<Nom>Ajouter une cerise confite dans le verre.</Nom>
		</Etape>
		<Ustensile>
			<Nom>Tumbler</Nom>
		</Ustensile>
		<Remarque>Appelé aussi "GT Mid". Très rafraîchissant.</Remarque>
	</Cocktail>
</BarACocktail>