<?xml version="1.0" encoding="UTF-8"?>
<?xml-stylesheet type="text/xsl" href="Exemple_XML-04-E04_meteo.xslt"?>
<meteo xmlns:xsi="http://www.w3.org/2001/XMLSchema-instance" xsi:noNamespaceSchemaLocation="Exemple_XML-04-E04_meteo.xsd">
	<station nom="Neuchâtel" dateInstallation="2008-07-14">
		<positionGeo norme="CH1903">
			<abscisse>563075</abscisse>
			<ordonnee>205545</ordonnee>
			<altitude unite="mètres">485</altitude>
		</positionGeo>
		<capteurs dateMesures="2016-05-10T14:07:00">
			<pression unite="hPa">953.2</pression>
			<temperatureAir unite="Celsius">20</temperatureAir>
			<humiditeAir unite="%">48</humiditeAir>
			<vitesseVent unite="km/h" direction="nord">6.1</vitesseVent>
			<precipitation unite="mm">0</precipitation>
		</capteurs>
	</station>
	<station nom="Flühli" dateInstallation="2015-03-19">
		<positionGeo norme="CH1903">
			<abscisse>644332</abscisse>
			<ordonnee>193311</ordonnee>
			<altitude unite="mètres">940</altitude>
		</positionGeo>
		<capteurs dateMesures="2016-05-10T14:15:00">
			<pression unite="hPa">957.1</pression>
			<temperatureAir unite="Celsius">19.9</temperatureAir>
			<humiditeAir unite="%">35</humiditeAir>
			<vitesseVent unite="km/h" direction="nord-ouest">34.6</vitesseVent>
			<precipitation unite="mm">0</precipitation>
		</capteurs>
	</station>
	<station nom="Samedan" dateInstallation="2007-07-03">
		<positionGeo norme="CH1903">
			<abscisse>787149</abscisse>
			<ordonnee>155701</ordonnee>
			<altitude unite="mètres">1709</altitude>
		</positionGeo>
		<capteurs dateMesures="2016-03-17T13:17:00">
			<pression unite="hPa">828.5</pression>
			<temperatureAir unite="Celsius">6.2</temperatureAir>
			<humiditeAir unite="%">39</humiditeAir>
			<vitesseVent unite="km/h" direction="nord">15.1</vitesseVent>
			<precipitation unite="mm">0</precipitation>
		</capteurs>
	</station>
</meteo>
